kód okresu,kód KÚ,názov obce
606,846619,Píla pri Mýtnej
606,846660,Pinciná
606,846899,Pleš
606,847682,Podrečany
606,847968,Polichno
606,849111,Praha
606,850322,Prša
606,851191,Radzovce
606,851655,Rapovce
606,851728,Ratka
606,853780,Ružiná
606,857939,Stará Halič
606,860697,Šávoľ
606,860786,Šiatorská Bukovinka
606,860824,Šíd
606,862258,Šurice
606,863424,Točnica
606,863505,Tomášovce
606,864161,Trebeľovce
606,864358,Trenč
606,865575,Tuhár
606,866261,Uderiná
606,867632,Veľká nad Ipľom
606,867977,Veľké Dravce
606,869261,Vidiná
607,,okres POLTÁR
607,806480,Breznička
607,807656,Bystrička pri Ozdíne
607,808211,Cinobaňa
607,809462,České Brezovo
607,813125,Ďubákovo
607,823058,Hrabovo
607,818984,Hradište pri Uhorskom
607,819549,Hrnčiarske Zalužany
607,821357,Ipeľský Potok
607,823066,Kalinovo
607,825298,Kokava nad Rimavicou
607,829226,Krná
607,835773,Málinec
607,837695,Mládzovo
607,844853,Ozdín
607,848077,Poltár
607,819514,Pondelok
607,852821,Rovňany
607,854808,Selce v Gemeri
607,848093,Slaná Lehota
607,859613,Sušany
607,861006,Šoltýska
607,865974,Turíčky
607,866377,Uhorské
607,825344,Utekáč
607,867331,Vaľkovo
607,819531,Veľká Suchá
607,867900,Veľká Ves
607,848107,Zelené
607,809489,Zlatno
608,,okres REVÚCA,
608,802280,Behynce
608,854166,Brusník nad Turcom
608,813117,Držkovce
608,851825,Filier
608,814865,Gemer
608,814954,Gemerská Ves
608,814997,Gemerský Milhosť
608,819468,Hrlica
608,820091,Hucín
608,821055,Chvalová
608,821110,Chyžné
608,822698,Jelšava
608,815004,Jelšavská Teplica
608,823252,Kameňany
608,834696,Kopráš
608,831841,Levkuška
608,831999,Licince
608,833291,Lubeník
608,815039,Mikolčany
608,834700,Mníšany
608,838233,Mokrá Lúka
608,838772,Muráň
608,838799,Muránska Dlhá Lúka
608,838802,Muránska Huta
608,838811,Muránska Lehota
608,838829,Muránska Zdychava
608,839370,Nandraž
608,815047,Nováčany v Gemeri
608,844829,Otročok
608,847020,Ploské
608,847984,Polina
608,850225,Prihradzany
608,851281,Rákoš pri Jelšave
608,851698,Rašice
608,851752,Ratková
608,851833,Ratkovské Bystré
608,851761,Repištia
608,852104,Revúca
608,852210,Revúcka Lehota
608,852228,Revúčka
608,854182,Rybník nad Turcom
608,851809,Sása nad Turcom
608,855545,Sirk
608,855804,Skerešovo
608,858498,Starňa
608,859044,Strelnice
608,860123,Šafárikovo
608,860981,Šivetice
608,865940,Turčok
608,869643,Višňové v Gemeri
608,860131,Železné
608,874361,Žiar pri Šafárikove
609,,okres RIMAVSKÁ SOBOTA,
609,800040,Abovce
609,800350,Babinec
609,800601,Bakta
609,801691,Barca
609,802191,Bátka
609,802433,Belín
609,815225,Bizovo
609,803171,Blhovce
609,803961,Bottovo
609,804011,Brádno
609,807141,Budikovany
609,807982,Cakov
609,815233,Čenice
609,809268,Čerenčany
609,809811,Čierny Potok
609,809900,Číž
609,823805,Dimitrij
609,812196,Dolné Zahorany
609,812811,Dražice
609,812889,Drienčany
609,813052,Drňa
609,813281,Dubno
609,813389,Dubovec
609,802204,Dulovo
609,813940,Dúžava
609,814229,Figa
609,814881,Gemerček
609,814971,Gemerské Dechtáre
609,814989,Gemerské Michalovce
609,815021,Gemerský Jablonec
609,815217,Gortva
609,871460,Gregorovce
609,815349,Hačava
609,815411,Hajnáčka
609,816515,Hnúšťa
609,816558,Hodejov
609,816566,Hodejovec
609,818291,Horné Zahorany
609,818615,Hostice
609,818658,Hostišovce
609,819051,Hrachovo
609,819999,Hrušovo
609,820083,Hubovo
609,820491,Husiná
609,820644,Chanava
609,820911,Chrámec
609,821420,Ivanice
609,822035,Janice
609,822795,Jesenské
609,822817,Jestice
609,823180,Kaloša
609,823791,Kesovce
609,824224,Klenovec
609,825026,Kociha
609,826120,Konrádovce
609,828076,Kráľ
609,828378,Kraskovo
609,829277,Krokava
609,829676,Kružno
609,830232,Kyjatice
609,831336,Lenartovce
609,831352,Lenka
609,832359,Lipovec v Gemeri
609,834203,Lukovištia
609,868639,Malé Teriakovce
609,836346,Martinová nad Rimavou
609,838161,Mojín
609,839680,Neporadza
609,840874,Nižná Pokoradz
609,841056,Nižné Valice
609,868906,Nižný Blh
609,868647,Nižný Skálnik
609,841447,Nová Bašta
609,844039,Orávka
609,820008,Ostrany
609,844918,OžĎany
609,844969,Padarovce
609,812897,Papča
609,845736,Pavlovce
609,846074,Petrovce
609,848026,Polom
609,848484,Poproč
609,848727,Potok nad Blhom
609,852643,Príboj
609,850900,Radnovce
609,866628,Rakytník
609,851795,Ratkovská Lehota
609,851817,Ratkovská Suchá
609,852830,Ratkovská Zdychava
609,852244,Riečka pri Králi
609,831166,Rimavica
609,852384,Rimavská Baňa
609,831158,Rimavská Lehota
609,852406,Rimavská Píla
609,852414,Rimavská Seč
609,852422,Rimavská Sobota
609,852597,Rimavské Brezovo
609,852635,Rimavské Janovce
609,852651,Rimavské Zalužany
609,852848,Rovné
609,853569,Rumince
609,856461,Slizké
609,857858,Stará Bašta
609,858811,Stránska
609,820016,Striežovce
609,859281,Studená
609,859621,Sútor
609,860832,Šimonovce
609,860921,Širkovce
609,861065,Španie Pole
609,861421,Štrkovec
609,862452,Tachty
609,862771,Teplý Vrch
609,863220,Tisovec
609,852473,Tomášová
609,863513,Tomášovce pri Bátke
609,866644,Uzovská Panica
609,867543,Včelince
609,867551,Večelkov
609,868663,Veľké Teriakovce
609,869309,Vieska nad Blhom
609,869953,Vlkyňa
609,868671,Vrbovce nad Rimavou
609,871265,Vyšná Pokoradz
609,871478,Vyšné Valice
609,868892,Vyšný Blh
609,871591,Vyšný Skálnik
609,871729,Zádor
609,871851,Zacharovce
609,874914,Žíp
610,,okres VEĽKÝ KRTÍŠ
610,800635,Balog nad Ipľom
610,802212,Bátorová
610,807010,Brusník
610,807451,Bušince
610,808971,Čebovce
610,809110,Čeláre
610,809161,Čelovce
610,809365,Červeňany
610,811513,Dolinka
610,811785,Dolná Strehová
610,812111,Dolné Plachtince
610,849634,Dolné Príbelce
610,812153,Dolné Strháre
610,810037,Dolný Dačov Lom
610,813931,Ďurkovce
610,815152,Glabušovce
610,817597,Horná Strehová
610,818143,Horné Plachtince
610,849642,Horné Príbelce
610,818232,Horné Strháre
610,810002,Horný Dačov Lom
610,819883,Hrušov
610,820946,Chrastince
610,821012,Chrťany
610,821292,Ipeľské Predmostie
610,823473,Kamenné Kosihy
610,823945,Kiarov
610,824135,Kleňany
610,825689,Koláre
610,826561,Kosihovce
610,826570,Kosihy nad Ipľom
610,827801,Kováčovce
610,831395,Lesenice
610,833568,Ľuboriečka
610,834963,Malá Čalomija
610,835692,Malé Straciny
610,835757,Malé Zlievce
610,835889,Malý Krtíš
610,838128,Modrý Kameň
610,838756,Muľa
610,839655,Nenince
610,841927,Nová Ves
610,843024,Obeckov
610,843687,Olováry
610,843903,Opatovská Nová Ves
610,843962,Opava
610,848751,Pôtor
610,849324,Pravica
610,849723,Príboj nad Tisovníkom
610,854522,Sečianky
610,854786,Seľany
610,854816,Selce pri Veľkom Krtíši
610,855162,Senné
610,855839,Sklabiná
610,856592,Slovenské Ďarmoty
610,856606,Slovenské Kľačany
610,859001,Stredné Plachtince
610,859478,Sucháň
610,859508,Suché Brezovo
610,860913,Širákov
610,861812,Šuľa
610,864323,Trebušovce
610,867641,Veľká Čalomija
610,867918,Veľká Ves nad Ipľom
610,868612,Veľké Straciny
610,868833,Veľké Zlievce
610,869058,Veľký Krtíš
610,869147,Veľký Lom
610,869295,Vieska nad Tisovníkom
610,869465,Vinica
610,870617,Vrbovka
610,871770,Záhorce
610,872440,Závada pri Chrťanoch
610,873608,Zombor
610,874302,Želovce
610,848786,Žihľava
611,,okres ZVOLEN
611,800333,Babiná
611,800392,Bacúrov
611,806447,Breziny
611,807125,Budča
611,865311,Budička
611,807915,Bzovská Lehôtka
611,811190,Dobrá Niva
611,813371,Dubové pri Zvolene
611,856291,Hájniky
611,819760,Hronská Breznica
611,865338,Kašova Lehôtka
611,827771,Kováčová
611,828157,Kráľová
611,831441,Lažteky
611,831433,Lešť I
611,991911,Lešť II
611,832057,Lieskovec
611,834131,Lukavica
611,834181,Lukové
611,836877,Michalková
611,873845,Môťová
611,843156,Očová
611,844527,Ostrá Lúka
611,846988,Pliešovce
611,831450,Podjavorie I
611,991929,Podjavorie II
611,847780,Podzámčok
611,856304,Rybáre
611,854361,Sampor
611,854417,Sása
611,855391,Sielnica
611,856088,Slatinka
611,865346,Tŕnie
611,866024,Turová
611,867845,Veľká Lúka
611,831468,Vidov Vrch
611,871915,Zaježová
611,873594,Zolná
611,873705,Zvolen
611,873900,Zvolenská Slatina
611,874205,Železná Breznica
612,,okres ŽARNOVICA
612,801461,Banská Hodruša
612,806188,Brehy
612,811971,Dolné Hámre
612,817881,Horné Hámre
612,818763,Hrabičov
612,819816,Hronský Beňadik
612,824038,Kľak
612,826189,Kopanice
612,835102,Malá Lehota
612,841251,Nová Baňa
612,844411,Orovnica
612,844624,Ostrý Grúň
612,846651,Píla pri Žarnovici
612,850403,Psiare
612,852091,Revištské Podzámčie
612,853534,Rudno nad Hronom
612,862606,Tekovská Breznica
612,867772,Veľká Lehota
612,868248,Veľké Pole
612,870170,Voznica
612,874001,Žarnovica
612,874019,Žarnovická Huta
612,875066,Župkov
613,,okres ŽIAR NAD HRONOM
613,802107,Bartošova Lehôtka
613,807419,Bukovina pri Bzenici
613,807761,Bzenica
613,811921,Dolná Trnávka
613,811939,Dolná Ves
613,811947,Dolná Ždaňa
613,816191,Hliník nad Hronom
613,817791,Horná Trnávka
613,817830,Horná Ves pri Kremnici
613,817848,Horná Ždaňa
613,874515,Horné Opatovce
613,819786,Hronská Dúbrava
613,821152,Ihráč
613,821942,Jalná
613,822124,Janova Lehota
613,822485,Jastrabá
613,823996,Klačany pri Trnavej Hore
613,826227,Kopernica
613,826588,Kosorín
613,827932,Krahule
613,828882,Kremnica
613,829021,Kremnické Bane
613,829854,Kunešov
613,830518,Ladomer
613,831212,Lehôtka pod Brehmi
613,833169,Lovča
613,833177,Lovčica
613,834033,Lúčky pri Kremnici
613,834262,Lutila
613,839868,Nevoľné
613,846724,Pitelová
613,849499,Prestavlky
613,850276,Prochot
613,852031,Repište
613,855871,Sklené Teplice
613,856045,Slaská
613,858048,Stará Kremnička
613,860654,Šášovské Podhradie
613,865265,Trnavá Hora
613,865567,Trubín
613,877689,Vieska pri Žiari nad Hronom
613,870846,Vyhne
613,874370,Žiar nad Hronom
701,,okres BARDEJOV
701,800066,Abrahámovce
701,800201,Andrejová
701,801712,Bardejov
701,802077,Bardejovská Nová Ves
701,802115,Bartošovce
701,802298,Becherov
701,802484,Beloveža
701,803375,Bogliarka
701,806731,Brezov
701,806871,Brezovka
701,807061,Buclovany
701,808172,Cigeľka
701,810886,Dlhá Lúka nad Topľou
701,813133,Dubinné
701,814385,Frička
701,814393,Fričkovce
701,814474,Gaboltov
701,815071,Gerlachov
701,815721,Hankovce
701,815772,Harhaj
701,815985,Hažlín
701,816108,Hertník
701,816116,Hervartov
701,818844,Hrabovec
701,818887,Hrabské
701,820539,Hutka
701,820725,Chmeľová
701,822167,Janovce
701,822574,Jedlinka
701,824925,Kľušov
701,824992,Kobyly
701,825115,Kochanovce
701,826031,Komárov
701,826251,Koprivnica
701,827894,Kožany
701,829145,Krivé
701,829170,Kríže
701,829625,Kružlov
701,829757,Kučín
701,829919,Kurima
701,829943,Kurov
701,830640,Lascov
701,831328,Lenartov
701,832260,Lipová
701,832961,Livov
701,832979,Livovská Huta
701,833118,Lopúchov
701,834149,Lukavica pri Bardejove
701,834165,Lukov
701,835447,Malcov
701,836061,Marhaň
701,837521,Mikuláššová
701,838276,Mokroluh
701,839493,Nemcovce
701,840882,Nižná Polianka
701,840971,Nižná Voľa
701,841021,Nižné Raslavice
701,841196,Nižný Tvarožec
701,843695,Oľšavce
701,843806,Ondavka
701,844420,Ortuťová
701,844454,Osikov
701,845981,Petrová
701,847917,Poliakovce
701,848654,Porúbka nad Topľou
701,851949,Regetovka
701,852066,Rešov
701,852376,Richvald
701,852759,Rokytov
701,856703,Smilno
701,856894,Snakov
701,858684,Stebnícka Huta
701,858692,Stebník
701,859311,Stuľany
701,859711,Sveržov
701,860506,Šarišské Čierne
701,860638,Šašová
701,860816,Šiba
701,862517,Tarnov
701,865443,Tročany
701,867349,Vaniškovce
701,867373,Varadka
701,834173,Venécia
701,871273,Vyšná Polianka
701,871362,Vyšná Voľa
701,871419,Vyšné Raslavice
701,871532,Vyšný Kručov
701,871613,Vyšný Tvarožec
701,872881,Zborov
701,873349,Zlaté
702,,okres HUMENNÉ
702,800155,Adidovce
702,802140,Baškovce
702,806196,Brekov
702,806218,Brestov
702,809322,Černina
702,810134,Dedačov
702,856568,Gruzovce
702,815730,Hankovce
702,823317,Hažín nad Cirochou
702,818852,Hrabovec nad Laborcom
702,819859,Hrubov
702,820105,Hudcovce
702,820121,Humenné
702,820369,Humenský Rokytov
702,820687,Chlmec
702,821551,Jabloň
702,822086,Jankovce
702,822329,Jasenov
702,823325,Kamenica nad Cirochou
702,823503,Kamienka pri Humennom
702,823627,Karná
702,825123,Kochanovce nad Laborcom
702,826871,Košarovce
702,827681,Koškovce
702,830445,Lackovce
702,832065,Lieskovec pri Humennom
702,833495,Ľubiša
702,834122,Lukačovce
702,871494,Maškovce
702,838063,Modra nad Cirochou
702,839027,Myslina
702,839485,Nechválova Polianka
702,840807,Nižná Jablonka
702,840904,Nižná Sitnica
702,840980,Nižné Ladičkovce
702,843199,Ohradzany
702,844985,Pakostov
702,845311,Papín
702,848662,Porúbka pri Chlmci
702,850250,Prituľany
702,850438,Ptičie
702,852724,Rohožník pri Oľke
702,852856,Rovné nad Udavou
702,853615,Ruská Kajňa
702,853631,Ruská Poruba
702,856576,Slovenská Volová
702,856614,Slovenské Krivé
702,843202,Sopkovce
702,863971,Topoľovka
702,865818,Turcovce
702,866253,Udavské
702,992160,Valaškovce-juh
702,879703,Valaškovce-sever
702,992151,Valaškovce-stred
702,869201,Veľopolie
702,869732,Víťazovce
702,871206,Vyšná Jablonka
702,871303,Vyšná Sitnica
702,871371,Vyšné Ladičkovce
702,871508,Vyšný Hrušov
702,872466,Závada pri Oľke
702,872491,Závadka
702,872954,Zbudské Dlhé
702,872962,Zbudský Rokytov
702,873675,Zubné
703,,okres KEŽMAROK
703,800074,Abrahámovce pri Vlkovej
703,822558,Blažov
703,807478,Bušovce
703,809446,Červený Kláštor
703,815373,Hágy
703,815951,Havka
703,816884,Holumnica
703,818941,Hradisko
703,820385,Huncovce
703,991856,Ihla
703,822833,Jezersko
703,822922,Jurské
703,823813,Kežmarok
703,829196,Krížová Ves
703,831239,Lechnica
703,831344,Lendak
703,991830,Levočská Dolina
703,833312,Ľubica
703,991937,Ľubické Kúpele
703,834416,Lysá nad Dunajcom
703,834734,Majere
703,821136,Majerka
703,835005,Malá Franková
703,835901,Malý Slavkov
703,836401,Matiašovce
703,837750,Mlynčeky
703,844641,Osturňa
703,847305,Podhorany
703,851612,Rakúsy
703,851973,Reľov
703,856550,Slovenská Ves
703,857378,Spišská Belá
703,857581,Spišská Stará Ves
703,857629,Spišské Hanušovce
703,858081,Stará Lesná
703,821144,Stotince
703,858803,Stráne pod Tatrami
703,858871,Strážky
703,991848,Sypková
703,863998,Toporec
703,866156,Tvarožná
703,867705,Veľká Franková
703,867837,Veľká Lomnica
703,869929,Vlková
703,869937,Vlkovce
703,870048,Vojňany
703,870447,Vrbov
703,870765,Výborná
703,872296,Zálesie v Zamagurí
703,873951,Žakovce
704,,okres LEVOčA
704,800627,Baldovce
704,802263,Beharovce
704,802930,Bijacovce
704,807028,Brutovce
704,807290,Buglovce
704,811149,Dlhé Stráže
704,811491,Doľany na Spiši
704,812625,Domaňovce
704,812803,Dravce
704,813435,Dúbrava na Spiši
704,815268,Granč-Petrovce
704,815764,Harakovce
704,821713,Jablonov
704,823660,Katúň
704,824127,Klčov
704,847879,Korytné
704,829927,Kurimany
704,831859,Levoča
704,834009,Lúčka pri Jablonove
704,839621,Nemešany
704,841030,Nižné Repaše
704,843709,Oľšavica
704,844225,Ordzovany
704,845680,Pavľany
704,847887,Poľanovce
704,848131,Pongrácovce
704,857645,Spišské Podhradie
704,857726,Spišský Hrhov
704,857777,Spišský Štvrtok
704,859290,Studenec
704,864021,Torysky
704,866466,Uloža
704,871435,Vyšné Repaše
704,871605,Vyšný Slavkov
704,872458,Závada pri Levoči
705,,okres MEDZILABORCE
705,803723,Borov
705,806234,Brestov nad Laborcom
705,808288,Čabalovce
705,808300,Čabiny
705,809349,Čertižné
705,815331,Habura
705,823031,Kalinov
705,828769,Krásny Brod
705,843661,Krivá Oľka
705,836621,Medzilaborce
705,839248,ňagov
705,843679,Nižná Oľka
705,851167,Nižná Radvaň
705,843741,Oľšinkov
705,845256,Palota
705,852015,Repejov
705,828785,Rokytovce
705,852775,Roškovce
705,859532,Sukov
705,859729,Svetlice
705,867276,Valentovce
705,870137,Volica
705,836630,Vydraň
705,870871,Výrava
705,872857,Zbojné
705,872946,Zbudská Belá
706,,okres POPRAD
706,802174,Batizovce
706,814652,Filice
706,814661,Gánovce
706,815098,Gerlachov pod Tatrami
706,818721,Hozelec
706,817040,Hôrka pri Poprade
706,819131,Hranovnica
706,822183,Jánovce pri Poprade
706,828807,Kravany
706,832537,Liptovská Teplička
706,833959,Lučivná
706,822191,Machalovce
706,836371,Matejovce
706,836702,Mengusovce
706,837784,Mlynica
706,840963,Nižná Šuňava
706,841820,Nová Lesná
706,848174,Poprad
706,848221,Spišská Sobota
706,857599,Spišská Teplica
706,857611,Spišské Bystré
706,857751,Spišský Štiavnik
706,858544,Starý Smokovec
706,848298,Stráže pod Tatrami
706,859923,Svit
706,836711,Štôla
706,861375,Štrba
706,861405,Štrbské Pleso
706,862371,Švábovce
706,874108,Tatranská Javorina
706,862568,Tatranská Lomnica
706,848417,Veľká
706,869163,Veľký Slavkov
706,869228,Vernár
706,869457,Vikartovce
706,870820,Vydrník
706,871354,Vyšná Šuňava
706,874132,Ždiar
707,,okres PREŠOV
707,800112,Abranovce
707,800325,Babin Potok
707,800554,Bajerov
707,802743,Bertotovce
707,806226,Brestov v Slanskýchvrchoch
707,806382,Bretejovce
707,806889,Brežany
707,807788,Bzenov
707,809187,Čelovce pri Chmeľove
707,809381,Červenica
707,810347,Demjata
707,812927,Drienov
707,812960,Drienovská Nová Ves
707,813591,Dulova Ves
707,814351,Fintice
707,814415,Fričovce
707,814423,Fulianka
707,815055,Geraltov
707,815284,Gregorovce
707,815705,Haniska
707,816051,Hendrichovce
707,816086,Hermanovce
707,818801,Hrabkov
707,818950,Hradisko pri Terni
707,831298,Chabžany
707,820709,Chmeľov
707,820733,Chmeľovec
707,820750,Chmiňany
707,820776,Chminianska Nová Ves
707,820784,Chminianske Jakubovany
707,822108,Janov
707,822205,Janovík
707,823571,Kapušany
707,823775,Kendice
707,824143,Klenov
707,825131,Kojatice
707,825387,Kokošovce
707,829200,Krížovany
707,830119,Kvačany pri Bajerove
707,830453,Lačnov
707,830461,Lada
707,831042,Lažany
707,831301,Lemešany
707,831409,Lesíček
707,832006,Ličartovce
707,860468,Lipníky
707,832294,Lipovce
707,833584,Ľubotice
707,833614,Ľubovec
707,833924,Lúčina
707,835919,Malý Slivník
707,835943,Malý Šariš
707,836524,Medzany
707,837504,Miklušovce
707,837661,Mirkovce
707,846040,Močarmany
707,838594,Mošurov
707,839507,Nemcovce v Šariši
707,840955,Nižná Šebastová
707,950017,Nové
707,950025,Nový Horeš
707,843431,Okružná
707,843831,Ondrašovce
707,844845,Ovčie
707,846058,Petrovany
707,847313,Podhorany Nižné
707,847402,Podhradík
707,849502,Prešov
707,850268,Proč
707,850748,Pušovce
707,850861,Radatice
707,852741,Rokycany
707,853623,Ruská Nová Ves
707,833622,Ruské Pekľany
707,854719,Sedlice
707,854972,Seniakovce
707,857301,Solivar
707,854727,Suchá Dolina
707,859851,Svinia
707,860328,Šalgovík
707,860476,Šarišská Poruba
707,860484,Šarišská Trstená
707,860492,Šarišské Bohdanovce
707,860549,Šarišské Lužianky
707,860841,Šindliar
707,860948,Široké
707,861120,Štefanovce
707,863084,Teriakovce
707,863092,Terňa
707,865354,Trnkov
707,865583,Tuhrina
707,865613,Tulčík
707,867411,Varhaňovce
707,869171,Veľký Slivník
707,869198,Veľký Šariš
707,869724,Víťaz
707,871346,Vyšná Šebastová
707,871681,Záborské
707,871834,Záhradné
707,872512,Závadka pri Terni
707,873284,Zlatá Baňa
707,874035,Žatkovce
707,874159,Žehňa
707,874922,Žipov
707,875015,Župčany
708,,okres SABINOV
708,800562,Bajerovce
708,803324,Bodovce
708,806846,Brezovica nad Torysou
708,806862,Brezovička
708,809357,Červená Voda
708,809403,Červenica pri Sabinove
708,809993,Ďačov
708,810045,Daletice
708,812901,Drienica
708,813397,Dubovica
708,815675,Hanigovce
708,820059,Hubošovce
708,821853,Jakovany
708,821896,Jakubova Voľa
708,821926,Jakubovany pod Čergovom
708,822272,Jarovnice
708,823287,Kamenica
708,828394,Krásna Lúka
708,829137,Krivany
708,832219,Lipany
708,833975,Lúčka nad Torysou
708,834289,Ľutina
708,837636,Milpoš
708,838004,Močidľany nad Svinkou
708,841188,Nižný Slavkov
708,843504,Olejníkov
708,843750,Oľšov
708,844349,Orkucany
708,844608,Ostrovany
708,845876,Pečovská Nová Ves
708,848034,Poloma
708,851850,Ratvaj
708,851914,Ražňany
708,852007,Renčišov
708,852937,Rožkovany
708,854212,Sabinov
708,860514,Šarišské Dravce
708,860557,Šarišské Michaľany
708,860565,Šarišské Sokolovce
708,863190,Tichý Potok
708,864005,Torysa
708,866598,Uzovce
708,866661,Uzovské Pekľany
708,866679,Uzovský Šalgov
708,870919,Vysoká pri Toryse
708,854298,Zálesie
709,,okres SNINA
709,802395,Belá nad Cirochou
709,806820,Brezovec
709,809969,Čukalovce
709,810088,Dara
709,811033,Dlhé nad Cirochou
709,813427,Dúbrava pri Ubli
709,818704,Hostovice
709,818810,Hrabová Roztoka
709,821951,Jalová
709,823147,Kalná Roztoka
709,824151,Klenová
709,825697,Kolbasov
709,825778,Kolonica
709,830526,Ladomirov
709,836800,Michajlov
709,841871,Nová Sedlica
709,844446,Osadné
709,844616,Ostrožnica
709,845370,Parihuzovce
709,845817,Pčoliné
709,846546,Pichne
709,850241,Príslop
709,853577,Runina
709,853666,Ruská Volová
709,853674,Ruské
709,853763,Ruský Potok
709,856835,Smolník nad Cirochou
709,856941,Snina
709,857807,Stakčín
709,857793,Stakčínska Roztoka
709,858471,Starina nad Cirochou
709,859117,Strihovce
709,860999,Šmigovec
709,863530,Topoľa
709,866237,Ubľa
709,866440,Ulič
709,866458,Uličské Krivé
709,867896,Veľká Poľana
709,872849,Zboj
709,873225,Zemplínske Hámre
709,873691,Zvala
710,,okres STARÁ ĽUBOVňA
710,809896,Čirč
710,813923,Ďurková
710,814377,Forbasy
710,815462,Hajtovka
710,815578,Haligovce
710,816418,Hniezdne
710,819123,Hraničné
710,819620,Hromoš
710,820695,Chmeľnica
710,821870,Jakubany
710,822221,Jarabina
710,823511,Kamienka
710,825433,Kolačkov
710,828874,Kremná
710,830241,Kyjov
710,830437,Lacková
710,831085,Legnava
710,831425,Lesnica
710,832944,Litmanová
710,833088,Lomnička
710,833606,Ľubotín
710,835897,Malý Lipník
710,859541,Malý Sulín
710,836478,Matysová
710,837920,Mníšek nad Popradom
710,841048,Nižné Ružbachy
710,841846,Nová Ľubovňa
710,843075,Obručné
710,844365,Orlov
710,837938,Pilhov
710,846848,Plaveč
710,846872,Plavnica
710,847674,Podolínec
710,850691,Pusté Pole
710,853658,Ruská Voľa nad Popradom
710,858099,Stará Ľubovňa
710,858480,Starina
710,858765,Stráňany
710,860361,Šambron
710,860522,Šarišské Jastrabie
710,866318,Údol
710,867799,Veľká Lesná
710,869139,Veľký Lipník
710,859559,Veľký Sulín
710,869589,Vislanka
710,871451,Vyšné Ružbachy
711,,okres STROPKOV
711,800651,Baňa
711,859249,Bokša
711,806463,Breznica
711,806510,Breznička pri Chotči
711,807001,Brusnica
711,807320,Bukovce
711,807567,Bystrá pri Havaji
711,807923,Bžany
711,869775,Driečna
711,813842,Duplín
711,815292,Gribov
711,815942,Havaj
711,820873,Chotča
711,821934,Jakušovce
711,825701,Kolbovce
711,826545,Korunková
711,827916,Kožuchovce
711,829048,Krišľovce
711,853755,Kručov
711,829595,Krušinec
711,833061,Lomné
711,834955,Makovce
711,835188,Malá Poľana
711,837512,Miková
711,837644,Miňovce
711,838683,Mrázovce
711,840858,Nižná Olšava
711,843733,Oľšavka pri Gribove
711,848735,Potoky
711,848701,Potôčky
711,857327,Soľník
711,858676,Staškovce
711,859133,Stropkov
711,869791,Suchá
711,860433,Šandal
711,863211,Tisinec
711,863432,Tokajík
711,865796,Turany nad Ondavou
711,875333,Valkov
711,867381,Varechovce
711,868841,Veľkrop
711,869597,Vislava
711,869783,Vladiča
711,870099,Vojtovce
711,871141,Vyškovce
711,871249,Vyšná Olšava
711,865800,Vyšný Hrabovec
712,,okres SVIDNÍK
712,802425,Belejovce
712,802581,Beňadikovce
712,803341,Bodružal
712,808008,Cernina
712,808199,Cigla
712,811157,Dlhoňa
712,811351,Dobroslava
712,813311,Dubová pri Svidníku
712,813567,Dukovce
712,814237,Fijaš
712,815136,Giraltovce
712,815969,Havranec
712,818828,Hrabovčík
712,820393,Hunkovce
712,822906,Jurkova Voľa
712,823163,Kalnište
712,823546,Kapišová
712,823759,Kečkovce
712,824984,Kobylnice
712,826278,Korejovce
712,827924,Kračúnovce
712,827941,Krajná Bystrá
712,827959,Krajná Poľana
712,827967,Krajná Porúbka
712,828041,Krajné Čierno 0,2824,0,026
712,829641,Kružlová
712,829790,Kuková
712,829935,Kurimka
712,830542,Ladomirová
712,833967,Lúčka
712,834386,Lužany pri Topli
712,836427,Matovce
712,836516,Medvedie
712,836761,Mestisko
712,836770,Mičakovce
712,837687,Miroľa
712,837741,Mlynárovce
712,840815,Nižná Jedľová
712,840866,Nižná Pisaná
712,841137,Nižný Komárnik
712,841161,Nižný Mirošov
712,841170,Nižný Orlík
712,841862,Nová Polianka
712,843415,Okrúhle
712,850233,Príkra
712,850411,Pstriná
712,850993,Radoma
712,851515,Rakovčík
712,852864,Rovné pri Svidníku
712,852911,Roztoky
712,857114,Soboš
712,859125,Stročín
712,859737,Svidnička
712,859745,Svidník
712,843423,Šapinec
712,860441,Šarbov
712,860573,Šarišský Štiavnik
712,860743,Šemetkovce
712,861171,Štefurov
712,866695,Vagrinec
712,867284,Valkovce
712,867365,Vápeník
712,871214,Vyšná Jedľová
712,871257,Vyšná Pisaná
712,871524,Vyšný Komárnik
712,871575,Vyšný Mirošov
712,871583,Vyšný Orlík
712,874213,Železník
712,874281,Želmanovce
713,,okres VRANOV NAD TOPĽOU
713,800309,Babie
713,801640,Banské
713,802662,Benkovce
713,807591,Bystré
713,807974,Cabov
713,808661,Čaklov
713,809217,Čemerné
713,809501,Čičava
713,809691,Čierne nad Topľou
713,810070,Ďapalovce
713,810100,Davidov
713,810355,Detrík 0,16962,0,0166
713,811025,Dlhé Klčovo
713,813877,ĎurĎoš
713,815101,Giglovce
713,815144,Girovce
713,815748,Hanušovce nad Topľou
713,816043,Hencovce
713,816094,Hermanovce nad Topľou
713,816221,Hlinné
713,816591,Holčíkovce
713,822353,Jasenovce
713,822493,Jastrabie nad Topľou
713,822931,Juskova Voľa
713,823457,Kamenná Poruba pri Topli
713,824020,Kladzany
713,825794,Komárany
713,829765,Kučín nad Ondavou
713,830127,Kvakovce
713,834742,Majerovce
713,834998,Malá Domaša
713,836397,Matiaška
713,836591,Medzianky
713,836737,Merník
713,836893,Michalok
713,841072,Nižný Hrabovec
713,841099,Nižný Hrušov
713,841145,Nižný Kručov
713,841765,Nová Kelča
713,843814,Ondavské Matiašovce
713,845744,Pavlovce nad Topľou
713,845949,Petkovce
713,846091,Petrovce nad Topľou
713,846686,Piskorovce
713,848697,Poša
713,850284,Prosačov
713,851175,Radvanovce
713,851205,Rafajovce
713,851981,Remeniny
713,853381,Rudlov
713,853640,Ruská Voľa
713,854301,Sačurov
713,854697,Sečovská Polianka
713,854743,Sedliská
713,855898,Skrabské
713,856495,Slovenská Kajňa
713,857271,Soľ
713,861138,Štefanovce pri Ondave
713,864030,Tovarné
713,864048,Tovarnianska Polianka
713,867497,Vavrinec
713,867578,Vechec
713,869767,Vlača
713,870315,Vranov nad Topľou
713,853747,Vyšný Kazimír
713,871621,Vyšný Žipov
713,872326,Zámutov
713,873471,Zlatník
713,873969,Žalobín
801,,okres GELNICA
801,814741,Gelnica
801,816001,Helcmanovce
801,816035,Henclová
801,819441,Hrišovce
801,821845,Jaklovce
801,824895,Kluknava
801,825166,Kojšov
801,836044,Margecany
801,837890,Mníšek nad Hnilcom
801,839299,Nálepkovo
801,849120,Prakovce
801,852350,Richnava
801,836052,Rolová Huta
801,856819,Smolnícka Huta
801,856851,Smolník
801,858366,Stará Voda
801,862401,Švedlár
801,866342,Úhorná
801,868973,Veľký Folkmar
801,872547,Závadka
801,873942,Žakarovce
802,,okres KOŠICE I
802,877891,Brody
802,827274,Čermeľ
802,827029,Huštáky
802,827444,Kamenné
802,823678,Kavečany
802,826928,Košice-stred
802,826952,Letná
802,881171,Nové ahanovce
802,827312,Severné Mesto
802,827452,ahanovce
803,,okres KOŠICE II
803,881228,Grunt
803,827207,Terasa
803,833134,Lorinčík
803,827142,Luník
803,827428,Myslava
803,827401,Pereš
803,827495,Poľov
803,827509,Šaca
803,878049,Železiarne
804,,okres KOŠICE III
804,827339,Furča
804,827347,Košická Nová Ves
805,,okres KOŠICE IV
805,827380,Barca pri Košiciach
805,877999,Jazero
805,828416,Krásna nad Hornádom
805,881406,Nižná Úvrať
805,860701,Šebastovce
805,881317,Skladná
805,827088,Vyšné Opátske
806okres KOŠICE-OKOLIE
806,800431,Bačkovík
806,802123,Baška
806,802565,Belža
806,802611,Beniakovce
806,802875,Bidovce
806,803111,Blažice
806,820547,Bočiar
806,803413,Bohdanovce
806,803626,Boliarov
806,807150,Budimír
806,807281,Budulov
806,807389,Bukovec pri Košiciach
806,807435,Bunetice
806,807486,Buzica
806,854328,Byster
806,808113,Cestice
806,808636,Čakanovce pri Bidovciach
806,808750,Čaňa
806,809004,Čečejovce
806,809934,Čižatice
806,810118,Debraď
806,812935,Drienovec
806,813893,Ďurďošík
806,813915,Ďurkov
806,871699,Dvorníky
806,814733,Geča
806,815306,Gyňov
806,815365,Hačava
806,866008,Háj
806,815691,Haniska
806,816060,Herľany
806,816574,Hodkovce
806,841455,Hosťovce
806,819212,Hrašovík
806,820636,Hýľov
806,841463,Chorváty
806,820954,Chrastné
806,845914,Chym
806,822043,Janík
806,822434,Jasov
806,823210,Kalša
806,823708,Kecerovské Kostoľany
806,823732,Kecerovské Pekľany
806,823741,Kecerovský Lipovec
806,819085,Kechnec
806,825409,Kokšov-Bakša
806,826049,Komárovce
806,813079,Kostoľany nad Hornádom
806,827606,Košická Belá
806,827622,Košická Polianka
806,875309,Košické Hámre
806,827673,Košický Klečenov
806,828238,Kráľovce nad Torysou
806,830259,Kysak
806,835030,Malá Ida
806,835137,Malá Lodina
806,813087,Malá Vieska
806,875317,Malý Folkmár
806,836583,Medzev
806,819107,Milhosť
806,838268,Mokrance
806,838322,Moldava nad Bodvou
806,838730,Mudrovce
806,840793,Nižná Hutka
806,840823,Nižná Kamenica
806,840840,Nižná Myšľa
806,841064,Nižný Čaj
806,841129,Nižný Klátov
806,841153,Nižný Lánec
806,836567,Nižný Medzev
806,827631,Nižný Olčvár
806,841854,Nová Polhora
806,841978,Nováčany
806,842915,Nový Salaš
806,843041,Obišovce
806,843768,Olšovany
806,843857,Opátka
806,843997,Opiná
806,845302,Paňovce
806,845884,Peder
806,845922,Perín
806,847046,Ploské nad Torysou
806,848506,Poproč nad Bodvou
806,851272,Rákoš
806,851639,Rankovce
806,852058,Rešica
806,852899,Rozhanovce
806,853518,Rudník pri Jasove
806,853691,Ruskov
806,875414,Ružín
806,854921,Seňa
806,855791,Skároš
806,855987,Slančík
806,856002,Slanec
806,856011,Slanská Huta
806,856037,Slanské Nové Mesto
806,857220,Sokoľ
806,820555,Sokoľany
806,859877,Svinica
806,860751,Šemša
806,861359,Štós
806,813095,Tepličany
806,864137,Trebejov
806,865460,Trsťany
806,865508,Trstené pri Hornáde
806,866016,Turňa nad Bodvou
806,841471,Turnianska Nová Ves
806,866717,Vajkovce
806,866725,Valaliky
806,871702,Včeláre
806,867748,Veľká Ida
806,867811,Veľká Lodina
806,870749,Vtáčkovce
806,871192,Vyšná Hutka
806,871222,Vyšná Kamenica
806,871231,Vyšná Myšľa
806,871486,Vyšný Čaj
806,871516,Vyšný Klátov
806,871559,Vyšný Lánec
806,827649,Vyšný Olčvár
806,871711,Zádiel
806,854344,Zdoba
806,873322,Zlatá Idka
806,873977,Žarnov
806,874060,Ždaňa
806,816078,Žírovce
807,,okres MICHALOVCE
807,800490,Bajany
807,801011,Bánovce nad Ondavou
807,802794,Beša
807,804002,Bracovce
807,853585,Budince
807,807231,Budkovce
807,808997,Čečehov
807,809497,Čičarovce
807,809705,Čierne Pole
807,812757,Drahňov
807,813451,Dúbravka
807,814199,Falkušovce
807,815918,Hatalov
807,815977,Hažín
807,816507,Hnojné
807,818577,Horovce nad Ondavou
807,835455,Hradištská Moľva
807,821276,Iňačovce
807,821527,Ižkovce
807,822507,Jastrabie pri Michalovciach
807,822850,Jovsa
807,822957,Kačanov
807,823228,Kaluža
807,823589,Kapušianske Kľačany
807,836435,Kapušianske Vojkovce
807,824844,Klokočov pri Zemplínskej šírave
807,828751,Krásnovce
807,829056,Krišovská Liesková
807,843059,Kucany
807,829951,Kusín
807,830666,Lastomír
807,830704,Laškovce
807,831417,Lesné
807,833240,Ložín
807,834041,Lúčky pri Zemplínskej šírave
807,835463,Malčice
807,835668,Malé Raškovce
807,836087,Markovce
807,836443,Maťovce
807,836915,Michalovce
807,837318,Močarany
807,838411,Moravany
807,839205,Nacina Ves
807,843067,Oborín
807,844322,Oreské
807,845230,Palín
807,845787,Pavlovce nad Uhom
807,845965,Petrikovce
807,846112,Petrovce nad Laborcom
807,848646,Poruba pod Vihorlatom
807,849103,Pozdišovce
807,850446,Ptrukša
807,850683,Pusté Čemerné
807,851523,Rakovec nad Ondavou
807,853593,Ruská
807,855171,Senné pri Stretave
807,856193,Slavkovce
807,856444,Sliepkovce
807,858374,Staré
807,837075,Stráňany
807,858935,Strážske
807,859061,Stretava
807,859079,Stretavka
807,859494,Suché
807,860417,Šamudovce
807,837431,Topoľany
807,864757,Trhovište
807,865273,Trnava pri Laborci
807,866121,Tušice
807,866130,Tušická Nová Ves
807,868043,Veľké Kapušany
807,868256,Veľké Raškovce
807,868582,Veľké Slemence 0,26721,0,0282
807,869503,Vinné
807,869970,Vojany
807,870129,Voľa
807,870439,Vrbnica
807,837156,Vrbovec
807,871117,Vysoká nad Uhom
807,868779,Zalužice
807,872504,Závadka pri Zemplínskej šírave
807,872971,Zbudza
807,873209,Zemplínska Široká
807,826201,Zemplínske Kopčany
807,874051,Žbince
808,,okres ROŽŇAVA
808,800252,Ardovo
808,802841,Betliar
808,803464,Bohúňovo
808,803715,Bôrka
808,806161,Brdárka
808,806391,Bretka
808,807052,Brzotín
808,809586,Čierna Lehota pri Slavošovciach
808,809942,Čoltovo
808,853178,Čučma
808,810185,Dedinky
808,811017,Dlhá Ves
808,811378,Dobšiná
808,813061,Drnava
808,814903,Gemerská Hôrka
808,814911,Gemerská Panica
808,814938,Gemerská Poloma
808,815179,Gočaltovo
808,815187,Gočovo
808,815713,Hanková
808,816027,Henckovce
808,816892,Honce
808,819255,Hrhov
808,819972,Hrušov nad Turňou
808,821721,Jablonov nad Turňou
808,822841,Jovice
808,823767,Kečovo
808,824976,Kobeliarovo
808,825018,Koceľovce
808,827797,Kováčová pri Hrhove
808,828700,Krásnohorská Dlhá Lúka
808,828734,Krásnohorské Podhradie
808,829650,Kružná
808,829897,Kunova Teplica
808,832383,Lipovník pri Rožňave
808,833991,Lúčka pri Hrhove
808,836095,Markuška
808,836681,Meliata
808,853151,Nadabula
808,840912,Nižná Slaná
808,843261,Ochtiná
808,844934,Pača
808,845639,Pašková
808,846155,Petrovo
808,846929,Plešivec
808,851558,Rakovnica
808,851965,Rejdová
808,852732,Rochovce
808,852791,Roštár
808,852902,Rozložná
808,852945,Rožňava
808,853275,Rožňavské Bystré
808,853402,Rudná
808,855499,Silica
808,855502,Silická Brezová
808,855511,Silická Jablonica
808,856177,Slavec
808,856231,Slavoška
808,856258,Slavošovce
808,858854,Stratená
808,861341,Štítnik
808,803472,Tiba
808,856185,Vidová
808,869813,Vlachovo
808,871311,Vyšná Slaná
809,,okres SOBRANCE
809,802158,Baškovce pri Sobranciach
809,802603,Beňatina
809,802867,Bežovce
809,803057,Blatná Polianka
809,803073,Blatné Remety
809,803090,Blatné Revištia
809,807443,Bunkovce
809,814211,Fekišovce
809,816230,Hlivištia
809,817147,Horňa
809,820482,Husák
809,820849,Choňkovce
809,821284,Inovce
809,822337,Jasenov nad Oknou
809,822744,Jenkovce
809,825719,Kolibabovce
809,826057,Komárovce pri Sobranciach
809,826162,Koňuš
809,826537,Koromľa
809,828858,Krčava
809,829030,Kristy
809,831247,Lekárovce
809,840891,Nižná Rybnica
809,840998,Nižné Nemecké
809,844241,Orechová
809,844586,Ostrov pri Sobranciach
809,846082,Petrovce pri Krčave
809,846678,Pinkovce
809,847364,PodhoroĎ
809,848620,Porostov
809,848671,Porúbka pri Sobranciach
809,849847,Priekopa
809,851990,Remetské Hámre
809,853607,Ruská Bystrá
809,853721,Ruskovce
809,853739,Ruský Hrabovec
809,854760,Sejkov
809,857190,Sobrance
809,859648,Svätuš
809,862525,Tašuľa
809,863173,Tibava
809,866245,Úbrež
809,868272,Veľké Revištia
809,870056,Vojnatina
809,871290,Vyšná Rybnica
809,871401,Vyšné Nemecké
809,871427,Vyšné Remety
809,871745,Záhor
810,,okres SPIŠSKÁ NOVÁ VES
810,800261,Arnutovce
810,802824,Betlanovce
810,807575,Bystrany
810,810053,Danišovce
810,815781,Harichovce
810,816132,Hincovce
810,816434,Hnilčík
810,816477,Hnilec
810,818909,Hrabušice
810,820938,Chrasť nad Hornádom
810,821209,Iliašovce
810,822027,Jamník na Spiši
810,822990,Kaľava
810,825760,Kolinovce
810,829307,Krompachy
810,831514,Letanovce
810,832031,Lieskovany
810,836125,Markušovce
810,836389,Matejovce nad Hornádom
810,837814,Mlynky
810,856665,Nižné Slovinky
810,843164,Odorín
810,843466,Olcnava
810,843725,Oľšavka
810,848557,Poráč
810,853411,Rudňany
810,856169,Slatvina
810,856754,Smižany
810,857386,Spišská Nová Ves
810,857670,Spišské Tomášovce
810,857696,Spišské Vlachy
810,857734,Spišský Hrušov
810,862738,Šafárka
810,862720,Teplička
810,869759,Vítkovce
810,870030,Vojkovce
810,856681,Vyšné Slovinky
810,874183,Žehra
811,,okres TREBIŠOV
811,800414,Bačka
811,800422,Bačkov
811,802905,Biel
811,803561,Boľ
811,803847,Borša
811,803944,Boťany
811,803987,Božčice
811,806170,Brehov
811,806421,Brezina
811,807681,Byšta
811,807991,Cejkov
811,809195,Čeľovce
811,809276,Čerhov
811,809331,Černochov
811,809551,Čierna
811,809594,Čierna nad Tisou
811,810096,Dargov
811,811181,Dobrá nad Krčavou
811,813991,Dvorianky
811,814172,Egreš
811,819069,Hraň
811,819247,Hrčeľ
811,819263,Hriadky
811,831263,Kapoňa
811,823635,Kašov
811,858960,Klin nad Bodrogom
811,827908,Kožuchov
811,828360,Kráľovský Chlmec
811,828815,Kravany pri Sečovciach
811,830089,Kuzmice nad Ronvou
811,830275,Kysta
811,830500,Ladmovce
811,830682,Lastovce
811,831271,Leles
811,834092,Luhyňa
811,801674,Malá Bara
811,864765,Malá Tŕňa
811,835650,Malé Ozorovce
811,835706,Malé Trakany
811,835854,Malý Horeš
811,835862,Malý Kamenec
811,875384,Malý Kazimír
811,842893,Malý Ruskov
811,836842,Michaľany
811,837563,Milhostov
811,841200,Nižný Žipov
811,857343,Nová Vieska pri Bodrogu
811,842851,Novosad
811,845361,Parchovany
811,875376,Pavlovo
811,846881,Plechotice
811,847895,Poľany
811,849677,Pribeník
811,850845,Rad
811,854531,Sečovce
811,855570,Sirník
811,856452,Slivník
811,856631,Slovenské Nové Mesto
811,857319,Soľnička
811,857351,Somotor
811,873179,Stanča
811,857840,Stankovce
811,858889,Strážne
811,858978,Streda nad Bodrogom
811,803332,Svätá Mária
811,846902,Svätuše
811,859885,Svinice
811,864188,Trebišov
811,865303,Trnávka pri Sečovciach
811,873187,Úpor
811,857360,Véč
811,867586,Veľaty
811,801682,Veľká Bara
811,864773,Veľká Tŕňa
811,868230,Veľké Ozorovce
811,868698,Veľké Trakany
811,869007,Veľký Horeš
811,869015,Veľký Kamenec
811,823686,Veľký Kazimír
811,842907,Veľký Ruskov
811,869473,Viničky
811,869627,Višňov
811,869996,Vojčice
811,870005,Vojka
811,872393,Zatín
811,872822,Zbehňov
811,873161,Zemplín
811,873217,Zemplínska Teplica
811,873241,Zemplínske Hradište
811,873250,Zemplínske Jastrabie
811,873268,Zemplínsky Branč
811,873195,Zemplínsky Klečenov